{
  "elements": [
    {
      "element": {
        "element_type": "minecraft:single_pool_element",
        "location": "minecraft:bastion/treasure/ramparts/mid_wall_main",
        "processors": "minecraft:treasure_rooms",
        "projection": "rigid"
      },
      "weight": 1
    },
    {
      "element": {
        "element_type": "minecraft:single_pool_element",
        "location": "minecraft:bastion/treasure/ramparts/mid_wall_side",
        "processors": "minecraft:treasure_rooms",
        "projection": "rigid"
      },
      "weight": 1
    },
    {
      "element": {
        "element_type": "minecraft:single_pool_element",
        "location": "minecraft:bastion/treasure/ramparts/bottom_wall_0",
        "processors": "minecraft:bottom_rampart",
        "projection": "rigid"
      },
      "weight": 1
    },
    {
      "element": {
        "element_type": "minecraft:single_pool_element",
        "location": "minecraft:bastion/treasure/ramparts/top_wall",
        "processors": "minecraft:high_rampart",
        "projection": "rigid"
      },
      "weight": 1
    },
    {
      "element": {
        "element_type": "minecraft:single_pool_element",
        "location": "minecraft:bastion/treasure/ramparts/lava_basin_side",
        "processors": "minecraft:treasure_rooms",
        "projection": "rigid"
      },
      "weight": 1
    },
    {
      "element": {
        "element_type": "minecraft:single_pool_element",
        "location": "minecraft:bastion/treasure/ramparts/lava_basin_main",
        "processors": "minecraft:treasure_rooms",
        "projection": "rigid"
      },
      "weight": 1
    }
  ],
  "fallback": "minecraft:empty"
}