{
    "minecraft:ancient_city": {"item": "minecraft:sculk"},
    "minecraft:bastion_remnant": {"item": "minecraft:gold_block"},
    "minecraft:buried_treasure": {"item": "minecraft:chest"},
    "minecraft:desert_pyramid": {"item": "minecraft:skull_pottery_sherd"},
    "minecraft:end_city": {"item": "minecraft:purpur_pillar"},
    "minecraft:fortress": {"item": "minecraft:nether_bricks"},
    "minecraft:igloo": {"item": "minecraft:brewing_stand"},
    "minecraft:jungle_pyramid": {"item": "minecraft:mossy_cobblestone"},
    "minecraft:mansion": {"item": "minecraft:dark_oak_planks"},
    "minecraft:ocean_ruin_cold": {"item": "minecraft:stone_bricks"},
    "minecraft:ocean_ruin_warm": {"item": "minecraft:chiseled_sandstone"},
    "minecraft:pillager_outpost": {"item": "minecraft:carved_pumpkin"},
    "minecraft:shipwreck": {"item": "minecraft:oak_boat"},
    "minecraft:shipwreck_beached": {"item": "minecraft:oak_chest_boat"},
    "minecraft:stronghold": {"item": "minecraft:ender_eye"},
    "minecraft:swamp_hut": {"item": "minecraft:flower_pot"},
    "minecraft:trail_ruins": {"item": "minecraft:brush"},
    "minecraft:trial_chambers": {"item": "minecraft:trial_spawner"},
    "minecraft:village_desert": {"item": "minecraft:sandstone_stairs"},
    "minecraft:village_plains": {"item": "minecraft:oak_stairs"},
    "minecraft:village_savanna": {"item": "minecraft:acacia_stairs"},
    "minecraft:village_snowy": {"item": "minecraft:packed_ice"},
    "minecraft:village_taiga": {"item": "minecraft:spruce_log"}
}