{
    "minecraft:mushroom_fields": { "r": 250, "g": 145, "b": 248 },
    "minecraft:deep_frozen_ocean": { "r": 52, "g": 120, "b": 162 },
    "minecraft:deep_cold_ocean": { "r": 0, "g": 71, "b": 133 },
    "minecraft:deep_ocean": { "r": 3, "g": 0, "b": 158 },
    "minecraft:deep_lukewarm_ocean": { "r": 38, "g": 0, "b": 143 },
    "minecraft:frozen_ocean": { "r": 32, "g": 175, "b": 255 },
    "minecraft:cold_ocean": { "r": 0, "g": 123, "b": 255 },
    "minecraft:ocean": { "r": 0, "g": 0, "b": 255 },
    "minecraft:warm_ocean": { "r": 100, "g": 0, "b": 255 },
    "minecraft:lukewarm_ocean": { "r": 76, "g": 0, "b": 255 },
    "minecraft:frozen_river": { "r": 166, "g": 212, "b": 255 },
    "minecraft:river": { "r": 77, "g": 130, "b": 255 },
    "minecraft:swamp": { "r": 93, "g": 187, "b": 142 },
    "minecraft:snowy_plains": { "r": 255, "g": 255, "b": 255 },
    "minecraft:ice_spikes": { "r": 200, "g": 238, "b": 254 },
    "minecraft:snowy_taiga": { "r": 209, "g": 255, "b": 211 },
    "minecraft:plains": { "r": 115, "g": 228, "b": 63 },
    "minecraft:forest": { "r": 0, "g": 153, "b": 3 },
    "minecraft:taiga": { "r": 69, "g": 113, "b": 25 },
    "minecraft:old_growth_spruce_taiga": { "r": 52, "g": 80, "b": 17 },
    "minecraft:old_growth_pine_taiga": { "r": 68, "g": 77, "b": 0 },
    "minecraft:sunflower_plains": { "r": 166, "g": 255, "b": 0 },
    "minecraft:flower_forest": { "r": 119, "g": 188, "b": 1 },
    "minecraft:birch_forest": { "r": 106, "g": 198, "b": 91 },
    "minecraft:old_growth_birch_forest": { "r": 89, "g": 228, "b": 90 },
    "minecraft:dark_forest": { "r": 1, "g": 116, "b": 1 },
    "minecraft:savanna": { "r": 179, "g": 242, "b": 61 },
    "minecraft:jungle": { "r": 0, "g": 255, "b": 0 },
    "minecraft:eroded_badlands": { "r": 184, "g": 80, "b": 0 },
    "minecraft:badlands": { "r": 255, "g": 111, "b": 0 },
    "minecraft:wooded_badlands": { "r": 219, "g": 139, "b": 0 },
    "minecraft:stony_shore": { "r": 102, "g": 102, "b": 102 },
    "minecraft:snowy_beach": { "r": 214, "g": 218, "b": 170 },
    "minecraft:beach": { "r": 255, "g": 249, "b": 138 },
    "minecraft:desert": { "r": 255, "g": 255, "b": 0 },
    "minecraft:windswept_savanna": { "r": 171, "g": 219, "b": 81 },
    "minecraft:sparse_jungle": { "r": 128, "g": 255, "b": 0 },
    "minecraft:snowy_slopes": { "r": 138, "g": 202, "b": 234 },
    "minecraft:grove": { "r": 175, "g": 175, "b": 228 },
    "minecraft:savanna_plateau": { "r": 128, "g": 171, "b": 48 },
    "minecraft:windswept_gravelly_hills": { "r": 129, "g": 150, "b": 152 },
    "minecraft:windswept_hills": { "r": 105, "g": 142, "b": 145 },
    "minecraft:windswept_forest": { "r": 66, "g": 123, "b": 95 },
    "minecraft:meadow": { "r": 210, "g": 255, "b": 61 },
    "minecraft:jagged_peaks": { "r": 215, "g": 172, "b": 211 },
    "minecraft:frozen_peaks": { "r": 222, "g": 222, "b": 222 },
    "minecraft:stony_peaks": { "r": 173, "g": 191, "b": 225 },
    "minecraft:bamboo_jungle": { "r": 0, "g": 255, "b": 87 },
    "minecraft:mangrove_swamp": { "r": 39, "g": 84, "b": 66 },
    "minecraft:deep_dark": { "r": 8, "g": 39, "b": 31 },
    "minecraft:cherry_grove": { "r": 220, "g": 138, "b": 221},
    "minecraft:pale_garden": { "r": 144, "g": 144, "b": 144},
    "minecraft:soul_sand_valley": { "r": 140, "g": 132, "b": 108 },
    "minecraft:nether_wastes": { "r": 163, "g": 62, "b": 62 },
    "minecraft:crimson_forest": { "r": 219, "g": 60, "b": 46 },
    "minecraft:warped_forest": { "r": 68, "g": 171, "b": 171 },
    "minecraft:basalt_deltas": { "r": 79, "g": 73, "b": 66 },
    "minecraft:the_end": { "r": 252, "g": 244, "b": 121 },
    "minecraft:small_end_islands": { "r": 234, "g": 247, "b": 52 },
    "minecraft:end_midlands": { "r": 170, "g": 179, "b": 55 },
    "minecraft:end_highlands": { "r": 112, "g": 117, "b": 46 },
    "minecraft:end_barrens": { "r": 199, "g": 204, "b": 137 },
    "minecraft:the_void": { "r": 0, "g": 0, "b": 0 },
    "minecraft:lush_caves": { "r": 112, "g": 255, "b": 79 },
    "minecraft:dripstone_caves": { "r": 140, "g": 124, "b": 0 }
}