{
  "elements": [
    {
      "element": {
        "element_type": "minecraft:single_pool_element",
        "location": "minecraft:trial_chambers/corridor/straight_1",
        "processors": "minecraft:trial_chambers_copper_bulb_degradation",
        "projection": "rigid"
      },
      "weight": 1
    },
    {
      "element": {
        "element_type": "minecraft:single_pool_element",
        "location": "minecraft:trial_chambers/corridor/straight_2",
        "processors": "minecraft:trial_chambers_copper_bulb_degradation",
        "projection": "rigid"
      },
      "weight": 2
    },
    {
      "element": {
        "element_type": "minecraft:single_pool_element",
        "location": "minecraft:trial_chambers/corridor/straight_3",
        "processors": "minecraft:trial_chambers_copper_bulb_degradation",
        "projection": "rigid"
      },
      "weight": 2
    },
    {
      "element": {
        "element_type": "minecraft:single_pool_element",
        "location": "minecraft:trial_chambers/corridor/straight_4",
        "processors": "minecraft:trial_chambers_copper_bulb_degradation",
        "projection": "rigid"
      },
      "weight": 2
    },
    {
      "element": {
        "element_type": "minecraft:single_pool_element",
        "location": "minecraft:trial_chambers/corridor/straight_5",
        "processors": "minecraft:trial_chambers_copper_bulb_degradation",
        "projection": "rigid"
      },
      "weight": 2
    },
    {
      "element": {
        "element_type": "minecraft:single_pool_element",
        "location": "minecraft:trial_chambers/corridor/straight_6",
        "processors": "minecraft:trial_chambers_copper_bulb_degradation",
        "projection": "rigid"
      },
      "weight": 2
    },
    {
      "element": {
        "element_type": "minecraft:single_pool_element",
        "location": "minecraft:trial_chambers/corridor/straight_7",
        "processors": "minecraft:trial_chambers_copper_bulb_degradation",
        "projection": "rigid"
      },
      "weight": 2
    },
    {
      "element": {
        "element_type": "minecraft:single_pool_element",
        "location": "minecraft:trial_chambers/corridor/straight_8",
        "processors": "minecraft:trial_chambers_copper_bulb_degradation",
        "projection": "rigid"
      },
      "weight": 2
    }
  ],
  "fallback": "minecraft:empty"
}