{
  "elements": [
    {
      "element": {
        "element_type": "minecraft:single_pool_element",
        "location": "minecraft:trail_ruins/roads/long_road_end",
        "processors": "minecraft:trail_ruins_roads_archaeology",
        "projection": "rigid"
      },
      "weight": 1
    },
    {
      "element": {
        "element_type": "minecraft:single_pool_element",
        "location": "minecraft:trail_ruins/roads/road_end_1",
        "processors": "minecraft:trail_ruins_roads_archaeology",
        "projection": "rigid"
      },
      "weight": 1
    },
    {
      "element": {
        "element_type": "minecraft:single_pool_element",
        "location": "minecraft:trail_ruins/roads/road_section_1",
        "processors": "minecraft:trail_ruins_roads_archaeology",
        "projection": "rigid"
      },
      "weight": 1
    },
    {
      "element": {
        "element_type": "minecraft:single_pool_element",
        "location": "minecraft:trail_ruins/roads/road_section_2",
        "processors": "minecraft:trail_ruins_roads_archaeology",
        "projection": "rigid"
      },
      "weight": 1
    },
    {
      "element": {
        "element_type": "minecraft:single_pool_element",
        "location": "minecraft:trail_ruins/roads/road_section_3",
        "processors": "minecraft:trail_ruins_roads_archaeology",
        "projection": "rigid"
      },
      "weight": 1
    },
    {
      "element": {
        "element_type": "minecraft:single_pool_element",
        "location": "minecraft:trail_ruins/roads/road_section_4",
        "processors": "minecraft:trail_ruins_roads_archaeology",
        "projection": "rigid"
      },
      "weight": 1
    },
    {
      "element": {
        "element_type": "minecraft:single_pool_element",
        "location": "minecraft:trail_ruins/roads/road_spacer_1",
        "processors": "minecraft:trail_ruins_roads_archaeology",
        "projection": "rigid"
      },
      "weight": 1
    }
  ],
  "fallback": "minecraft:empty"
}